[
  {
    "brand": "Tim Hortons",
    "long_title": "Tim Hortons Medium Roast Instant Coffee",
    "short_title": "Tim Hortons Instant Coffee",
    "description": "A classic medium roast made with 100% Arabica beans offering a smooth finish, ideal for Canadians.",
    "rank": 1,
    "urls": [
      "https://cornercoffeestore.com",
      "https://www.narcity.com"
    ]
  },
  {
    "brand": "NESCAFÉ",
    "long_title": "NESCAFÉ Taster’s Choice Instant Coffee 250g Tin",
    "short_title": "NESCAFÉ Taster’s Choice",
    "description": "A blend of 100% Arabica beans from top coffee regions, providing convenience and balanced flavor.",
    "rank": 2,
    "urls": [
      "https://www.bestproductscanada.com",
      "https://www.dropmocha.ca"
    ]
  },
  {
    "brand": "Mount Hagen",
    "long_title": "Mount Hagen Organic Fair Trade Instant Coffee",
    "short_title": "Mount Hagen Organic Coffee",
    "description": "Certified organic instant coffee made with single-origin beans; known for its smooth taste.",
    "rank": 3,
    "urls": [
      "https://www.homegrounds.co",
      "https://cornercoffeestore.com"
    ]
  },
  {
    "brand": "Saturnbird",
    "long_title": "Saturnbird Instant Medium-Dark Roast Coffee No. 4",
    "short_title": "Saturnbird No. 4",
    "description": "Medium-dark roast offering a rich yet balanced flavor, popular for specialty coffee lovers.",
    "rank": 4,
    "urls": [
      "https://www.cnn.com",
      "https://www.msn.com"
    ]
  },
  {
    "brand": "Folgers",
    "long_title": "Folgers Classic Roast Instant Coffee",
    "short_title": "Folgers Classic Roast",
    "description": "A classic household favorite known for consistency and affordability with deep coffee flavor.",
    "rank": 5,
    "urls": [
      "https://thecoffeeadvice.com",
      "https://www.msn.com"
    ]
  },
  {
    "brand": "WAKA Coffee",
    "long_title": "WAKA Arabica Instant Coffee Single-Serve Packets",
    "short_title": "WAKA Arabica Coffee",
    "description": "High-quality Arabica beans offering a balanced taste in portable single-serve packets.",
    "rank": 6,
    "urls": [
      "https://cornercoffeestore.com",
      "https://www.dropmocha.ca"
    ]
  },
  {
    "brand": "Nescafé Clásico",
    "long_title": "Nescafé Clásico Dark Roast Instant Coffee",
    "short_title": "Nescafé Clásico",
    "description": "Rich and bold dark roast coffee known for its strong flavor profile, embraced globally.",
    "rank": 7,
    "urls": [
      "https://www.cnn.com",
      "https://coffeevoila.com"
    ]
  },
  {
    "brand": "Starbucks",
    "long_title": "Starbucks Via Instant Pike Place Roast",
    "short_title": "Starbucks Pike Place Instant",
    "description": "Smooth and balanced instant coffee reflecting the classic Starbucks Pike Place taste.",
    "rank": 8,
    "urls": [
      "https://coffeevoila.com",
      "https://www.msn.com"
    ]
  },
  {
    "brand": "Equator Coffee",
    "long_title": "Equator Blend Single-Origin Instant Coffee",
    "short_title": "Equator Blend Instant Coffee",
    "description": "Premium instant coffee offering single-origin specialty blends with profound flavors.",
    "rank": 9,
    "urls": [
      "https://www.cnn.com",
      "https://www.homegrounds.co"
    ]
  },
  {
    "brand": "Nestlé Gold",
    "long_title": "Nestlé Gold Rich & Smooth Instant Coffee",
    "short_title": "Nestlé Gold Instant Coffee",
    "description": "Luxury instant coffee blend focusing on richness and smoothness with a premium touch.",
    "rank": 10,
    "urls": [
      "https://coffeevoila.com",
      "https://thecoffeeadvice.com"
    ]
  }
]