brand,long_title,short_title,description,rank,urls
Tim Hortons,Tim Hortons Medium Roast Instant Coffee,Tim Hortons Instant Coffee,"A classic medium roast made with 100% Arabica beans offering a smooth finish, ideal for Canadians.",1,"['https://cornercoffeestore.com', 'https://www.narcity.com']"
NESCAFÉ,NESCAFÉ Taster’s Choice Instant Coffee 250g Tin,NESCAFÉ Taster’s Choice,"A blend of 100% Arabica beans from top coffee regions, providing convenience and balanced flavor.",2,"['https://www.bestproductscanada.com', 'https://www.dropmocha.ca']"
Mount Hagen,Mount Hagen Organic Fair Trade Instant Coffee,Mount Hagen Organic Coffee,Certified organic instant coffee made with single-origin beans; known for its smooth taste.,3,"['https://www.homegrounds.co', 'https://cornercoffeestore.com']"
Saturnbird,Saturnbird Instant Medium-Dark Roast Coffee No. 4,Saturnbird No. 4,"Medium-dark roast offering a rich yet balanced flavor, popular for specialty coffee lovers.",4,"['https://www.cnn.com', 'https://www.msn.com']"
Folgers,Folgers Classic Roast Instant Coffee,Folgers Classic Roast,A classic household favorite known for consistency and affordability with deep coffee flavor.,5,"['https://thecoffeeadvice.com', 'https://www.msn.com']"
WAKA Coffee,WAKA Arabica Instant Coffee Single-Serve Packets,WAKA Arabica Coffee,High-quality Arabica beans offering a balanced taste in portable single-serve packets.,6,"['https://cornercoffeestore.com', 'https://www.dropmocha.ca']"
Nescafé Clásico,Nescafé Clásico Dark Roast Instant Coffee,Nescafé Clásico,"Rich and bold dark roast coffee known for its strong flavor profile, embraced globally.",7,"['https://www.cnn.com', 'https://coffeevoila.com']"
Starbucks,Starbucks Via Instant Pike Place Roast,Starbucks Pike Place Instant,Smooth and balanced instant coffee reflecting the classic Starbucks Pike Place taste.,8,"['https://coffeevoila.com', 'https://www.msn.com']"
Equator Coffee,Equator Blend Single-Origin Instant Coffee,Equator Blend Instant Coffee,Premium instant coffee offering single-origin specialty blends with profound flavors.,9,"['https://www.cnn.com', 'https://www.homegrounds.co']"
Nestlé Gold,Nestlé Gold Rich & Smooth Instant Coffee,Nestlé Gold Instant Coffee,Luxury instant coffee blend focusing on richness and smoothness with a premium touch.,10,"['https://coffeevoila.com', 'https://thecoffeeadvice.com']"
