brand,long_title,short_title,description,rank,urls
Tim Hortons,Tim Hortons Medium Roast Instant Coffee 100% Colombian - 100g Jar,Tim Hortons Medium Roast Instant Coffee,"A smooth and rich Colombian medium roast coffee by Tim Hortons, available as instant granules.",1,"['https://ca.bestreviews.guide', 'https://cornercoffeestore.com']"
Starbucks,Starbucks VIA Instant True North Blend Blonde Roast Coffee - 8 Count,Starbucks VIA True North Blend Instant Coffee,"A smooth and subtly sweet Blonde Roast instant coffee by Starbucks, packaged for convenience.",2,"['https://ca.bestreviews.guide', 'https://cornercoffeestore.com']"
Maxwell House,Maxwell House Original Roast Instant Coffee - 150g Jar,Maxwell House Original Roast Instant Coffee,"A classic and dependable medium roast instant coffee with balanced flavor, ideal for everyday use.",3,"['https://cornercoffeestore.com', 'https://narcity.com']"
Nescafé,Nescafé Gold Espresso Instant Coffee - 100g,Nescafé Gold Espresso Instant Coffee,"A premium and bold espresso-style instant coffee, crafted for a rich and smooth flavor.",4,"['https://cornercoffeestore.com', 'https://dropmocha.ca']"
Nescafé,Nescafé Rich Colombian Blend Instant Coffee - 100g Jar,Nescafé Rich Colombian Instant Coffee,A rich Colombian roast instant coffee with bright and lively flavors perfect for any time of day.,5,"['https://cornercoffeestore.com', 'https://brewcoffeehome.com']"
Starbucks,Starbucks VIA Instant Medium Roast Premium Coffee Packets,Starbucks VIA Medium Roast Instant Coffee,Premium medium roast instant coffee by Starbucks offering a robust and full-bodied flavor.,6,"['https://brewcoffeehome.com', 'https://dropmocha.ca']"
Jacobs,Jacobs Kronung Instant Coffee - 100g,Jacobs Kronung Instant Coffee,"A popular German instant coffee with a smooth and aromatic finish, ideal for casual brewing.",7,"['https://brewcoffeehome.com', 'https://cornercoffeestore.com']"
Mount Hagen,Mount Hagen Organic Freeze-Dried Instant Coffee - 100g,Mount Hagen Organic Instant Coffee,"A certified organic, freeze-dried instant coffee with a rich and sustainable taste.",8,"['https://cornercoffeestore.com', 'https://dropmocha.ca']"
Kenco,Kenco Smooth Instant Coffee - 100g,Kenco Smooth Instant Coffee,"An instant coffee with a rich, smooth flavor, sourced sustainably and packed with care.",9,"['https://cornercoffeestore.com', 'https://ca.bestreviews.guide']"
Kicking Horse,Kicking Horse Cliff Hanger Espresso Instant Coffee - 100g,Kicking Horse Espresso Instant Coffee,"Canada's favorite sustainably-sourced coffee brand offering deep, espresso-style instant coffee.",10,"['https://dropmocha.ca', 'https://ca.bestreviews.guide']"
