[
  {
    "brand": "Tim Hortons",
    "long_title": "Tim Hortons Medium Roast Instant Coffee 100% Colombian - 100g Jar",
    "short_title": "Tim Hortons Medium Roast Instant Coffee",
    "description": "A smooth and rich Colombian medium roast coffee by Tim Hortons, available as instant granules.",
    "rank": 1,
    "urls": [
      "https://ca.bestreviews.guide",
      "https://cornercoffeestore.com"
    ]
  },
  {
    "brand": "Starbucks",
    "long_title": "Starbucks VIA Instant True North Blend Blonde Roast Coffee - 8 Count",
    "short_title": "Starbucks VIA True North Blend Instant Coffee",
    "description": "A smooth and subtly sweet Blonde Roast instant coffee by Starbucks, packaged for convenience.",
    "rank": 2,
    "urls": [
      "https://ca.bestreviews.guide",
      "https://cornercoffeestore.com"
    ]
  },
  {
    "brand": "Maxwell House",
    "long_title": "Maxwell House Original Roast Instant Coffee - 150g Jar",
    "short_title": "Maxwell House Original Roast Instant Coffee",
    "description": "A classic and dependable medium roast instant coffee with balanced flavor, ideal for everyday use.",
    "rank": 3,
    "urls": [
      "https://cornercoffeestore.com",
      "https://narcity.com"
    ]
  },
  {
    "brand": "Nescafé",
    "long_title": "Nescafé Gold Espresso Instant Coffee - 100g",
    "short_title": "Nescafé Gold Espresso Instant Coffee",
    "description": "A premium and bold espresso-style instant coffee, crafted for a rich and smooth flavor.",
    "rank": 4,
    "urls": [
      "https://cornercoffeestore.com",
      "https://dropmocha.ca"
    ]
  },
  {
    "brand": "Nescafé",
    "long_title": "Nescafé Rich Colombian Blend Instant Coffee - 100g Jar",
    "short_title": "Nescafé Rich Colombian Instant Coffee",
    "description": "A rich Colombian roast instant coffee with bright and lively flavors perfect for any time of day.",
    "rank": 5,
    "urls": [
      "https://cornercoffeestore.com",
      "https://brewcoffeehome.com"
    ]
  },
  {
    "brand": "Starbucks",
    "long_title": "Starbucks VIA Instant Medium Roast Premium Coffee Packets",
    "short_title": "Starbucks VIA Medium Roast Instant Coffee",
    "description": "Premium medium roast instant coffee by Starbucks offering a robust and full-bodied flavor.",
    "rank": 6,
    "urls": [
      "https://brewcoffeehome.com",
      "https://dropmocha.ca"
    ]
  },
  {
    "brand": "Jacobs",
    "long_title": "Jacobs Kronung Instant Coffee - 100g",
    "short_title": "Jacobs Kronung Instant Coffee",
    "description": "A popular German instant coffee with a smooth and aromatic finish, ideal for casual brewing.",
    "rank": 7,
    "urls": [
      "https://brewcoffeehome.com",
      "https://cornercoffeestore.com"
    ]
  },
  {
    "brand": "Mount Hagen",
    "long_title": "Mount Hagen Organic Freeze-Dried Instant Coffee - 100g",
    "short_title": "Mount Hagen Organic Instant Coffee",
    "description": "A certified organic, freeze-dried instant coffee with a rich and sustainable taste.",
    "rank": 8,
    "urls": [
      "https://cornercoffeestore.com",
      "https://dropmocha.ca"
    ]
  },
  {
    "brand": "Kenco",
    "long_title": "Kenco Smooth Instant Coffee - 100g",
    "short_title": "Kenco Smooth Instant Coffee",
    "description": "An instant coffee with a rich, smooth flavor, sourced sustainably and packed with care.",
    "rank": 9,
    "urls": [
      "https://cornercoffeestore.com",
      "https://ca.bestreviews.guide"
    ]
  },
  {
    "brand": "Kicking Horse",
    "long_title": "Kicking Horse Cliff Hanger Espresso Instant Coffee - 100g",
    "short_title": "Kicking Horse Espresso Instant Coffee",
    "description": "Canada's favorite sustainably-sourced coffee brand offering deep, espresso-style instant coffee.",
    "rank": 10,
    "urls": [
      "https://dropmocha.ca",
      "https://ca.bestreviews.guide"
    ]
  }
]