[
  {
    "brand": "Starbucks",
    "long_title": "Starbucks VIA Instant True North Blend Blonde Roast Coffee",
    "short_title": "Starbucks VIA Blonde Roast",
    "description": "A light roast instant coffee with smooth and mellow flavor, designed for quick preparation and great taste.",
    "rank": 1,
    "urls": [
      "https://www.starbucks.ca",
      "https://www.amazon.ca"
    ]
  },
  {
    "brand": "Folgers",
    "long_title": "Folgers Instant Coffee Crystals, Classic Roast",
    "short_title": "Folgers Classic Roast",
    "description": "Rich and smooth classic roast coffee crystals for an instant cup of warm pleasure.",
    "rank": 2,
    "urls": [
      "https://www.folgerscoffee.ca",
      "https://www.amazon.ca"
    ]
  },
  {
    "brand": "Maxwell House",
    "long_title": "Maxwell House Original Roast Instant Coffee, 150g",
    "short_title": "Maxwell House Original",
    "description": "Affordable instant coffee delivering deep, satisfying flavor from a trusted brand.",
    "rank": 3,
    "urls": [
      "https://www.maxwellhousecoffee.com",
      "https://www.walmart.ca"
    ]
  },
  {
    "brand": "Mount Hagen",
    "long_title": "Mount Hagen Organic Fairtrade Instant Coffee",
    "short_title": "Mount Hagen Organic",
    "description": "Certified organic instant coffee made with 100% Arabica beans for a mild and smooth taste.",
    "rank": 4,
    "urls": [
      "https://www.mount-hagen-coffee.com",
      "https://www.amazon.ca"
    ]
  },
  {
    "brand": "Nescafé",
    "long_title": "Nescafé Gold Smooth Instant Coffee",
    "short_title": "Nescafé Gold Smooth",
    "description": "Premium-quality instant coffee for a rich and creamy drinking experience anytime.",
    "rank": 5,
    "urls": [
      "https://www.nescafe.ca",
      "https://www.walmart.ca"
    ]
  },
  {
    "brand": "Waka Coffee",
    "long_title": "Waka Quality Instant Coffee, Medium Roast",
    "short_title": "Waka Medium Roast",
    "description": "Eco-conscious instant coffee with smooth, rich flavor and convenient preparation.",
    "rank": 6,
    "urls": [
      "https://www.wakacoffee.com",
      "https://www.amazon.ca"
    ]
  },
  {
    "brand": "Starbucks",
    "long_title": "Starbucks VIA Instant Coffee - Colombia Single Serve Packets",
    "short_title": "Starbucks VIA Colombia",
    "description": "Bold roast with burnt and caramel-like flavor, ideal for quick coffee moments.",
    "rank": 7,
    "urls": [
      "https://www.starbucks.ca",
      "https://www.amazon.ca"
    ]
  },
  {
    "brand": "Four Sigmatic",
    "long_title": "Four Sigmatic Mushroom Coffee Mix with Lion's Mane and Chaga",
    "short_title": "Four Sigmatic Mushroom Coffee",
    "description": "Unique instant coffee blend incorporating mushrooms for enhanced focus and calmness.",
    "rank": 8,
    "urls": [
      "https://www.foursigmatic.com",
      "https://www.amazon.ca"
    ]
  },
  {
    "brand": "Taster's Choice",
    "long_title": "Nescafé Taster's Choice House Blend Light Medium Roast Coffee",
    "short_title": "Taster's Choice House Blend",
    "description": "Premium instant coffee offering well-balanced flavor with a light-medium roast profile.",
    "rank": 9,
    "urls": [
      "https://www.nescafe.ca",
      "https://www.walmart.ca"
    ]
  },
  {
    "brand": "Starbucks",
    "long_title": "Starbucks Instant Italian Dark Roast Coffee",
    "short_title": "Starbucks Instant Italian Roast",
    "description": "Rich, dark roast coffee with deep, bold flavor specially crafted for instant enjoyment.",
    "rank": 10,
    "urls": [
      "https://www.starbucks.ca",
      "https://www.amazon.ca"
    ]
  }
]