brand,long_title,short_title,description,rank,urls
Starbucks,Starbucks VIA Instant True North Blend Blonde Roast Coffee,Starbucks VIA Blonde Roast,"A light roast instant coffee with smooth and mellow flavor, designed for quick preparation and great taste.",1,"['https://www.starbucks.ca', 'https://www.amazon.ca']"
Folgers,"Folgers Instant Coffee Crystals, Classic Roast",Folgers Classic Roast,Rich and smooth classic roast coffee crystals for an instant cup of warm pleasure.,2,"['https://www.folgerscoffee.ca', 'https://www.amazon.ca']"
Maxwell House,"Maxwell House Original Roast Instant Coffee, 150g",Maxwell House Original,"Affordable instant coffee delivering deep, satisfying flavor from a trusted brand.",3,"['https://www.maxwellhousecoffee.com', 'https://www.walmart.ca']"
Mount Hagen,Mount Hagen Organic Fairtrade Instant Coffee,Mount Hagen Organic,Certified organic instant coffee made with 100% Arabica beans for a mild and smooth taste.,4,"['https://www.mount-hagen-coffee.com', 'https://www.amazon.ca']"
Nescafé,Nescafé Gold Smooth Instant Coffee,Nescafé Gold Smooth,Premium-quality instant coffee for a rich and creamy drinking experience anytime.,5,"['https://www.nescafe.ca', 'https://www.walmart.ca']"
Waka Coffee,"Waka Quality Instant Coffee, Medium Roast",Waka Medium Roast,"Eco-conscious instant coffee with smooth, rich flavor and convenient preparation.",6,"['https://www.wakacoffee.com', 'https://www.amazon.ca']"
Starbucks,Starbucks VIA Instant Coffee - Colombia Single Serve Packets,Starbucks VIA Colombia,"Bold roast with burnt and caramel-like flavor, ideal for quick coffee moments.",7,"['https://www.starbucks.ca', 'https://www.amazon.ca']"
Four Sigmatic,Four Sigmatic Mushroom Coffee Mix with Lion's Mane and Chaga,Four Sigmatic Mushroom Coffee,Unique instant coffee blend incorporating mushrooms for enhanced focus and calmness.,8,"['https://www.foursigmatic.com', 'https://www.amazon.ca']"
Taster's Choice,Nescafé Taster's Choice House Blend Light Medium Roast Coffee,Taster's Choice House Blend,Premium instant coffee offering well-balanced flavor with a light-medium roast profile.,9,"['https://www.nescafe.ca', 'https://www.walmart.ca']"
Starbucks,Starbucks Instant Italian Dark Roast Coffee,Starbucks Instant Italian Roast,"Rich, dark roast coffee with deep, bold flavor specially crafted for instant enjoyment.",10,"['https://www.starbucks.ca', 'https://www.amazon.ca']"
