brand,long_title,short_title,description,rank,urls
Tim Hortons,Tim Hortons 100% Arabica Medium Roast Instant Coffee,Tim Hortons Instant Coffee,"A smooth, well-balanced medium roast made with high-quality Arabica beans. Enjoy the familiar taste of Canada's favorite coffee instantly.",1,"['https://cornercoffeestore.com', 'https://bestproductscanada.com']"
NESCAFÉ,NESCAFÉ Taster's Choice Classic Instant Coffee Tin,Taster's Choice,"This instant coffee combines 100% arabica beans for a smooth and consistent flavor, ideal for quick and refreshing brews.",2,"['https://bestproductscanada.com', 'https://bestreviews.guide']"
Starbucks,Starbucks VIA Instant Pike Place Roast Coffee,Starbucks VIA,"Providing the rich flavors of Pike Place Roast, this 100% Arabica instant coffee features cocoa and toasted nut notes.",3,"['https://dropmocha.ca', 'https://grindthosebeans.com']"
McCafé,McCafé Premium Instant Coffee Medium Roast,McCafé Instant Coffee,"A classic medium roast coffee with balanced flavor, perfect for on-the-go instant coffee lovers.",4,"['https://bestreviews.guide', 'https://dropmocha.ca']"
Maxwell House,Maxwell House Original Blend Instant Coffee,Maxwell House Instant,"Known for its heritage, this coffee provides a full-bodied flavor with classic, reliable quality.",5,"['https://cornercoffeestore.com', 'https://bestproductscanada.com']"
Folgers,Folgers Classic Roast Instant Coffee,Folgers Instant Coffee,"Perfect for everyday use, Folgers Classic Roast is a budget-friendly choice with a rich and consistent flavor.",6,"['https://coffeevoila.com', 'https://bestproductscanada.com']"
Café Altura,Café Altura Organic Instant Coffee,Altura Organic Instant Coffee,This organic instant coffee offers a rich taste while keeping sustainability and ethical sourcing at its core.,7,"['https://coffeevoila.com', 'https://dropmocha.ca']"
Equator Blend,Equator Blend Specialty Instant Coffee,Equator Blend Instant,"A specialty coffee for connoisseurs, featuring balanced complex flavors and sustainably sourced beans.",8,"['https://cnn.com', 'https://bestproductscanada.com']"
Saturnbird,Saturnbird No. 4 Medium-Dark Roast Instant Coffee,Saturnbird Instant Coffee,"A premium instant coffee for bold flavor lovers, offering smooth taste and a rich aroma.",9,"['https://grindthosebeans.com', 'https://cnn.com']"
Black Rifle Coffee,Black Rifle Coffee Instant Packs for Bold Coffee Drinkers,Black Rifle Instant Packs,"A no-fuss bold coffee for outdoor and convenience-focused enthusiasts, made with robust coffee grounds.",10,"['https://coffeevoila.com', 'https://dropmocha.ca']"
