[
  {
    "brand": "Tim Hortons",
    "long_title": "Tim Hortons 100% Arabica Medium Roast Instant Coffee",
    "short_title": "Tim Hortons Instant Coffee",
    "description": "A smooth, well-balanced medium roast made with high-quality Arabica beans. Enjoy the familiar taste of Canada's favorite coffee instantly.",
    "rank": 1,
    "urls": [
      "https://cornercoffeestore.com",
      "https://bestproductscanada.com"
    ]
  },
  {
    "brand": "NESCAFÉ",
    "long_title": "NESCAFÉ Taster's Choice Classic Instant Coffee Tin",
    "short_title": "Taster's Choice",
    "description": "This instant coffee combines 100% arabica beans for a smooth and consistent flavor, ideal for quick and refreshing brews.",
    "rank": 2,
    "urls": [
      "https://bestproductscanada.com",
      "https://bestreviews.guide"
    ]
  },
  {
    "brand": "Starbucks",
    "long_title": "Starbucks VIA Instant Pike Place Roast Coffee",
    "short_title": "Starbucks VIA",
    "description": "Providing the rich flavors of Pike Place Roast, this 100% Arabica instant coffee features cocoa and toasted nut notes.",
    "rank": 3,
    "urls": [
      "https://dropmocha.ca",
      "https://grindthosebeans.com"
    ]
  },
  {
    "brand": "McCafé",
    "long_title": "McCafé Premium Instant Coffee Medium Roast",
    "short_title": "McCafé Instant Coffee",
    "description": "A classic medium roast coffee with balanced flavor, perfect for on-the-go instant coffee lovers.",
    "rank": 4,
    "urls": [
      "https://bestreviews.guide",
      "https://dropmocha.ca"
    ]
  },
  {
    "brand": "Maxwell House",
    "long_title": "Maxwell House Original Blend Instant Coffee",
    "short_title": "Maxwell House Instant",
    "description": "Known for its heritage, this coffee provides a full-bodied flavor with classic, reliable quality.",
    "rank": 5,
    "urls": [
      "https://cornercoffeestore.com",
      "https://bestproductscanada.com"
    ]
  },
  {
    "brand": "Folgers",
    "long_title": "Folgers Classic Roast Instant Coffee",
    "short_title": "Folgers Instant Coffee",
    "description": "Perfect for everyday use, Folgers Classic Roast is a budget-friendly choice with a rich and consistent flavor.",
    "rank": 6,
    "urls": [
      "https://coffeevoila.com",
      "https://bestproductscanada.com"
    ]
  },
  {
    "brand": "Café Altura",
    "long_title": "Café Altura Organic Instant Coffee",
    "short_title": "Altura Organic Instant Coffee",
    "description": "This organic instant coffee offers a rich taste while keeping sustainability and ethical sourcing at its core.",
    "rank": 7,
    "urls": [
      "https://coffeevoila.com",
      "https://dropmocha.ca"
    ]
  },
  {
    "brand": "Equator Blend",
    "long_title": "Equator Blend Specialty Instant Coffee",
    "short_title": "Equator Blend Instant",
    "description": "A specialty coffee for connoisseurs, featuring balanced complex flavors and sustainably sourced beans.",
    "rank": 8,
    "urls": [
      "https://cnn.com",
      "https://bestproductscanada.com"
    ]
  },
  {
    "brand": "Saturnbird",
    "long_title": "Saturnbird No. 4 Medium-Dark Roast Instant Coffee",
    "short_title": "Saturnbird Instant Coffee",
    "description": "A premium instant coffee for bold flavor lovers, offering smooth taste and a rich aroma.",
    "rank": 9,
    "urls": [
      "https://grindthosebeans.com",
      "https://cnn.com"
    ]
  },
  {
    "brand": "Black Rifle Coffee",
    "long_title": "Black Rifle Coffee Instant Packs for Bold Coffee Drinkers",
    "short_title": "Black Rifle Instant Packs",
    "description": "A no-fuss bold coffee for outdoor and convenience-focused enthusiasts, made with robust coffee grounds.",
    "rank": 10,
    "urls": [
      "https://coffeevoila.com",
      "https://dropmocha.ca"
    ]
  }
]