brand,long_title,short_title,description,rank,urls
Tim Hortons,"Tim Hortons Instant Coffee, Medium Roast, 100% Arabica Beans",Tim Hortons Instant Coffee,A well-balanced and smooth Canadian coffee made with premium 100% Arabica beans.,1,"['https://cornercoffeestore.com/tim-hortons-instant-coffee', 'https://www.timhortons.ca/products/instant-coffee']"
NESCAFÉ,"NESCAFÉ Taster’s Choice Classic Instant Coffee, 100% Arabica",NESCAFÉ Taster’s Choice,"A premium blend of Arabica coffee with ease of preparation, ideal for a quick cup full of flavor.",2,"['https://www.nescafe.com/ca', 'https://www.bestproductscanada.com/nescafe-tasters-choice']"
Saturnbird,Saturnbird Instant Medium-Dark Roast Coffee No. 4,Saturnbird Medium-Dark Roast,Saturnbird offers a convenient specialty coffee known for its rich and impactful flavor notes.,3,"['https://www.cnn.com/saturnbird-coffee', 'https://www.saturnbirdcoffee.com/products/no4']"
Starbucks,Starbucks VIA Instant Coffee Blonde Roast,Starbucks Instant Blonde Roast,"Enjoy the delicate and fruity elements of a lightly roasted coffee, made quickly at home.",4,"['https://www.starbucks.ca/via-blonde-roast', 'https://kitcheninstitute.org/starbucks-blonde-roast-review']"
Equator Coffee,Equator Coffee Blend Instant Coffee,Equator Blend Instant Coffee,"Equator's specialty blend is sourced ethically and delivers bright, fresh coffee flavors.",5,"['https://www.cnn.com/equator-instant-blend', 'https://www.equatorcoffees.com']"
Folgers,Folgers Classic Roast Instant Coffee Crystals,Folgers Classic Roast,"Well-known American brand offering robust, familiar flavors for classic mornings.",6,"['https://www.folgers.ca/classic-roast-instant', 'https://www.bestproductscanada.com/folgers-coffee']"
Maxwell House,Maxwell House Original Coffee Instant Grounds,Maxwell House Instant Coffee,"Maxwell House's instant coffee provides consistently smooth taste, made for Canadian drinkers.",7,"['https://www.maxwellhouse.ca/original-instant-coffee', 'https://www.bestreviews.guide/maxwell-house-coffee']"
Kenco,Kenco Millicano Americano Instant Coffee,Kenco Millicano Americano,"Rich, full-bodied coffee mix that balances strength and aroma perfectly.",8,"['https://www.kenco.ca/millicano-americano', 'https://www.bestproductscanada.com/kenco-coffee']"
Taster's Select,Taster's Select Colombian Instant Coffee,Taster’s Select Colombian Coffee,Colombian coffee offering robust flavor balanced by nutty undertones.,9,"['https://www.dropmocha.ca/tasters-select-colombian', 'https://www.bestproductscanada.com/tasters-select']"
Lavazza,Lavazza Prontissimo Intenso Instant Coffee,Lavazza Prontissimo,Fast and flavorful Italian-style coffee for instant preparation.,10,"['https://ca.lavazza.com/prontissimo-intenso', 'https://bestproductscanada.com/lavazza-prontissimo']"
