[
  {
    "brand": "Tim Hortons",
    "long_title": "Tim Hortons Instant Coffee, Medium Roast, 100% Arabica Beans",
    "short_title": "Tim Hortons Instant Coffee",
    "description": "A well-balanced and smooth Canadian coffee made with premium 100% Arabica beans.",
    "rank": 1,
    "urls": [
      "https://cornercoffeestore.com/tim-hortons-instant-coffee",
      "https://www.timhortons.ca/products/instant-coffee"
    ]
  },
  {
    "brand": "NESCAFÉ",
    "long_title": "NESCAFÉ Taster’s Choice Classic Instant Coffee, 100% Arabica",
    "short_title": "NESCAFÉ Taster’s Choice",
    "description": "A premium blend of Arabica coffee with ease of preparation, ideal for a quick cup full of flavor.",
    "rank": 2,
    "urls": [
      "https://www.nescafe.com/ca",
      "https://www.bestproductscanada.com/nescafe-tasters-choice"
    ]
  },
  {
    "brand": "Saturnbird",
    "long_title": "Saturnbird Instant Medium-Dark Roast Coffee No. 4",
    "short_title": "Saturnbird Medium-Dark Roast",
    "description": "Saturnbird offers a convenient specialty coffee known for its rich and impactful flavor notes.",
    "rank": 3,
    "urls": [
      "https://www.cnn.com/saturnbird-coffee",
      "https://www.saturnbirdcoffee.com/products/no4"
    ]
  },
  {
    "brand": "Starbucks",
    "long_title": "Starbucks VIA Instant Coffee Blonde Roast",
    "short_title": "Starbucks Instant Blonde Roast",
    "description": "Enjoy the delicate and fruity elements of a lightly roasted coffee, made quickly at home.",
    "rank": 4,
    "urls": [
      "https://www.starbucks.ca/via-blonde-roast",
      "https://kitcheninstitute.org/starbucks-blonde-roast-review"
    ]
  },
  {
    "brand": "Equator Coffee",
    "long_title": "Equator Coffee Blend Instant Coffee",
    "short_title": "Equator Blend Instant Coffee",
    "description": "Equator's specialty blend is sourced ethically and delivers bright, fresh coffee flavors.",
    "rank": 5,
    "urls": [
      "https://www.cnn.com/equator-instant-blend",
      "https://www.equatorcoffees.com"
    ]
  },
  {
    "brand": "Folgers",
    "long_title": "Folgers Classic Roast Instant Coffee Crystals",
    "short_title": "Folgers Classic Roast",
    "description": "Well-known American brand offering robust, familiar flavors for classic mornings.",
    "rank": 6,
    "urls": [
      "https://www.folgers.ca/classic-roast-instant",
      "https://www.bestproductscanada.com/folgers-coffee"
    ]
  },
  {
    "brand": "Maxwell House",
    "long_title": "Maxwell House Original Coffee Instant Grounds",
    "short_title": "Maxwell House Instant Coffee",
    "description": "Maxwell House's instant coffee provides consistently smooth taste, made for Canadian drinkers.",
    "rank": 7,
    "urls": [
      "https://www.maxwellhouse.ca/original-instant-coffee",
      "https://www.bestreviews.guide/maxwell-house-coffee"
    ]
  },
  {
    "brand": "Kenco",
    "long_title": "Kenco Millicano Americano Instant Coffee",
    "short_title": "Kenco Millicano Americano",
    "description": "Rich, full-bodied coffee mix that balances strength and aroma perfectly.",
    "rank": 8,
    "urls": [
      "https://www.kenco.ca/millicano-americano",
      "https://www.bestproductscanada.com/kenco-coffee"
    ]
  },
  {
    "brand": "Taster's Select",
    "long_title": "Taster's Select Colombian Instant Coffee",
    "short_title": "Taster’s Select Colombian Coffee",
    "description": "Colombian coffee offering robust flavor balanced by nutty undertones.",
    "rank": 9,
    "urls": [
      "https://www.dropmocha.ca/tasters-select-colombian",
      "https://www.bestproductscanada.com/tasters-select"
    ]
  },
  {
    "brand": "Lavazza",
    "long_title": "Lavazza Prontissimo Intenso Instant Coffee",
    "short_title": "Lavazza Prontissimo",
    "description": "Fast and flavorful Italian-style coffee for instant preparation.",
    "rank": 10,
    "urls": [
      "https://ca.lavazza.com/prontissimo-intenso",
      "https://bestproductscanada.com/lavazza-prontissimo"
    ]
  }
]