[
  {
    "brand": "Tim Hortons",
    "long_title": "Tim Hortons Premium Instant Coffee",
    "short_title": "Tim Hortons Instant Coffee",
    "description": "Tim Hortons' classic medium roast, made from 100% Arabica beans for a smooth balanced flavor.",
    "rank": 1,
    "urls": [
      "https://www.timhortons.ca",
      "https://www.amazon.ca/Tim-Hortons-Instant-Coffee"
    ]
  },
  {
    "brand": "Nescafé",
    "long_title": "Nescafé Rich & Bold Instant Coffee",
    "short_title": "Nescafé Instant Coffee",
    "description": "Rich and bold flavor with finely roasted coffee granules known for consistent quality.",
    "rank": 2,
    "urls": [
      "https://www.nescafe.ca",
      "https://www.walmart.ca/Nescafe-Instant-Coffee"
    ]
  },
  {
    "brand": "Starbucks",
    "long_title": "Starbucks VIA Instant Coffee Colombia",
    "short_title": "Starbucks VIA Coffee",
    "description": "Premium instant coffee offering well-balanced Colombian roast.",
    "rank": 3,
    "urls": [
      "https://www.starbucks.ca",
      "https://www.amazon.ca/Starbucks-VIA-Instant-Coffee-Colombia"
    ]
  },
  {
    "brand": "Maxwell House",
    "long_title": "Maxwell House Original Roast Instant Coffee",
    "short_title": "Maxwell House Instant Coffee",
    "description": "Classic original roast flavor for reliable taste in instant form.",
    "rank": 4,
    "urls": [
      "https://www.maxwellhouse.ca",
      "https://www.walmart.ca/Maxwell-House-Instant-Coffee"
    ]
  },
  {
    "brand": "Folgers",
    "long_title": "Folgers Classic Roast Instant Coffee Crystals",
    "short_title": "Folgers Instant Coffee",
    "description": "Folgers crystals for smooth and rich flavor, dissolves easily in hot water.",
    "rank": 5,
    "urls": [
      "https://www.folgers.ca",
      "https://www.amazon.ca/Folgers-Instant-Coffee-Crystals"
    ]
  },
  {
    "brand": "Taster's Choice",
    "long_title": "Nescafé Taster's Choice House Blend",
    "short_title": "Taster's Choice Instant Coffee",
    "description": "Smooth and mild taste with a rich aroma, using premium coffee beans.",
    "rank": 6,
    "urls": [
      "https://www.nescafe.ca/en/tasters-choice",
      "https://www.walmart.ca/Nescafe-Tasters-Choice-Instant-Coffee"
    ]
  },
  {
    "brand": "Lavazza",
    "long_title": "Lavazza Prontissimo Instant Coffee",
    "short_title": "Lavazza Instant Coffee",
    "description": "Italian premium coffee with smooth, full-bodied flavor in granular instant powder.",
    "rank": 7,
    "urls": [
      "https://www.lavazza.ca",
      "https://www.amazon.ca/Lavazza-Prontissimo-Instant-Coffee"
    ]
  },
  {
    "brand": "Kenco",
    "long_title": "Kenco Smooth Instant Coffee",
    "short_title": "Kenco Instant Coffee",
    "description": "A smooth blend-origin coffee known for quality brewing even as instant.",
    "rank": 8,
    "urls": [
      "https://www.kenco.co.uk",
      "https://www.amazon.ca/Kenco-Instant-Coffee"
    ]
  },
  {
    "brand": "Cafe Bustelo",
    "long_title": "Cafe Bustelo Espresso Instant Coffee",
    "short_title": "Cafe Bustelo Instant Coffee",
    "description": "Espresso-style instant coffee with bold, rich flavors.",
    "rank": 9,
    "urls": [
      "https://www.cafebustelo.com",
      "https://www.amazon.ca/Cafe-Bustelo-Instant-Coffee"
    ]
  },
  {
    "brand": "Mount Hagen",
    "long_title": "Mount Hagen Organic Fair Trade Instant Coffee",
    "short_title": "Mount Hagen Instant Coffee",
    "description": "Organic and fair-trade instant coffee with premium quality roast.",
    "rank": 10,
    "urls": [
      "https://www.mounthagen.com",
      "https://www.amazon.ca/Mount-Hagen-Organic-Instant-Coffee"
    ]
  }
]