brand,long_title,short_title,description,rank,urls
Tim Hortons,Tim Hortons Premium Instant Coffee,Tim Hortons Instant Coffee,"Tim Hortons' classic medium roast, made from 100% Arabica beans for a smooth balanced flavor.",1,"['https://www.timhortons.ca', 'https://www.amazon.ca/Tim-Hortons-Instant-Coffee']"
Nescafé,Nescafé Rich & Bold Instant Coffee,Nescafé Instant Coffee,Rich and bold flavor with finely roasted coffee granules known for consistent quality.,2,"['https://www.nescafe.ca', 'https://www.walmart.ca/Nescafe-Instant-Coffee']"
Starbucks,Starbucks VIA Instant Coffee Colombia,Starbucks VIA Coffee,Premium instant coffee offering well-balanced Colombian roast.,3,"['https://www.starbucks.ca', 'https://www.amazon.ca/Starbucks-VIA-Instant-Coffee-Colombia']"
Maxwell House,Maxwell House Original Roast Instant Coffee,Maxwell House Instant Coffee,Classic original roast flavor for reliable taste in instant form.,4,"['https://www.maxwellhouse.ca', 'https://www.walmart.ca/Maxwell-House-Instant-Coffee']"
Folgers,Folgers Classic Roast Instant Coffee Crystals,Folgers Instant Coffee,"Folgers crystals for smooth and rich flavor, dissolves easily in hot water.",5,"['https://www.folgers.ca', 'https://www.amazon.ca/Folgers-Instant-Coffee-Crystals']"
Taster's Choice,Nescafé Taster's Choice House Blend,Taster's Choice Instant Coffee,"Smooth and mild taste with a rich aroma, using premium coffee beans.",6,"['https://www.nescafe.ca/en/tasters-choice', 'https://www.walmart.ca/Nescafe-Tasters-Choice-Instant-Coffee']"
Lavazza,Lavazza Prontissimo Instant Coffee,Lavazza Instant Coffee,"Italian premium coffee with smooth, full-bodied flavor in granular instant powder.",7,"['https://www.lavazza.ca', 'https://www.amazon.ca/Lavazza-Prontissimo-Instant-Coffee']"
Kenco,Kenco Smooth Instant Coffee,Kenco Instant Coffee,A smooth blend-origin coffee known for quality brewing even as instant.,8,"['https://www.kenco.co.uk', 'https://www.amazon.ca/Kenco-Instant-Coffee']"
Cafe Bustelo,Cafe Bustelo Espresso Instant Coffee,Cafe Bustelo Instant Coffee,"Espresso-style instant coffee with bold, rich flavors.",9,"['https://www.cafebustelo.com', 'https://www.amazon.ca/Cafe-Bustelo-Instant-Coffee']"
Mount Hagen,Mount Hagen Organic Fair Trade Instant Coffee,Mount Hagen Instant Coffee,Organic and fair-trade instant coffee with premium quality roast.,10,"['https://www.mounthagen.com', 'https://www.amazon.ca/Mount-Hagen-Organic-Instant-Coffee']"
